"E100, Куркумин (Curcumin)",Машбух
"E100(i), Не указано",Машбух
"E100(ii), Не указано",Машбух
"E101, Рибофлавины (Riboflavins)",Синтетическое-машбух; микробиологическое-машбух
"E101(i), Рибофлавин (Riboflavin)",Синтетическое-машбух; микробиологическое-машбух
E101(ii) Натриевая соль рибофлавин 5-фосфат,Синтетическое-машбух; микробиологическое-машбух
E101(iii) Не указано,Синтетическое-машбух; микробиологическое-машбух
E102 Тартразин (Tartrazine),машбух
"E103 Алканин, Алканет",Машбух
E104 Желтый хинолиновый (QUINOLFNE YELLOW),Машбух
E105 Не указано,Макрух
E106 Не указано,Макрух
E107 Не указано,Макрух
E110 Желтый «солнечный закат» FCF (Sunset yellow FCF),Машбух
E111 альфа-нафтол оранжевый,Макрух
E120 Кармины (Carmines),Харам
E121 Не указано,Макрух
"E122 Азорубин, Кармуазин (Azorubine)",Машбух
E123 Амарант,Машбух
"E124 Понсо 4R, Пунцовый 4R (Ponceau 4R)",Машбух
E125 Не указано,Халяль
E126 Не указано,Макрух
E127 Эритрозин,Машбух
E128 Не указано,Макрух
E129 Красный очаровательный АС (Allura Red AC),Халяль
E130 Не указано,Макрух
E131 Синий патентованный V (Patent Blue V),Машбух
E132 Индигокармин (Indigotine),Машбух
"E133 Синий блестящий FCF, бриллиантовый голубой FCF (Brilliant Blue FCF)",Халяль
E134 Не указано,Макрух
E140 Хлорофиллы и хлорофиллины (Chlorophylls and chlorophyllins),Машбух
Хлорофиллы (Chlorophylls),Машбух
Хлорофиллы (Chlorophylls),Машбух
E141 Медные комплексы хлорофиллов и хлорофиллинов (Copper complexes of chlorophylls and chlorophyllins):,Машбух
E141(i) Медные комплексы хлорофиллов (Сopper complexs of chlorophylls),Машбух
E141(ii) Медные комплексы хлорофиллинов (Сopper complexs сhlorophyllins),Машбух
E 142 Зеленый S (Green S),Халяль
E143 Зеленый прочный FCF (Fast green FCF),Халяль
"E150 Не указано
",Халяль
E150a Сахарный колер I простой (Caramel I - Plain),Халяль
"E150b Сахарный колер II, полученный по «щелочно-сульфитной» технологии (Caramel II - Caustic sulphite process)",Халяль
"E150c Сахарный колер III, полученный по «аммиачной» технологии (Caramel III - Ammonia process)",Халяль
"E150d Сахарный колер IV, полученный по «аммиачно-сульфитной» технологии (Caramel IV - Ammonia-sulphite process)",Халяль
"E151 Черный блестящий PN, бриллиантовый черный PN (Brilliant black BN)",Халяль
E152 Не указано,Макрух
E153 Уголь растительный (Vegetable carbon) краситель,Халяль
E154 Не указано,Макрух
E155 Коричневый НТ (Brown HT) краситель,Машбух
E160a Каротины (Carotenes),Машбух
E160a(i) Бета-каротин синтетический,Машбух
E160a(ii) экстракт натурального каротина,Машбух
E160a(iii) Не указано,Машбух
E160a(iv) Не указано,Машбух
"E160b Аннато, биксин, норбиксин (Annatto, bixin, norbixin)",Халяль
E160b(i) Не указано,Халяль
E160b(ii) Не указано,Халяль
"E160c Экстракт паприки, капсантин, капсорубин (Paprika extract, capsanthin, capsorbin )",Халяль
E160c(i)  Не указано,Халяль
E160c(ii) Не указано,Халяль
E160d Ликопин (Lycopene),Натуральное-машбух; Микробилогическое-машбух
E160d(i) Не указано,Машбух
E160d(ii)  Не указано,Машбух
E160d(iii) Не указано,Машбух
E160e бета-апо-8'-Каротиновый альдегид (C30) (Beta-apo-8'-carotenal (C 30)),Машбух
"E160f бета-апо-8'-Каротиновой кислоты (C30) этиловый эфир (Вeta- 
 apo-8'-carotenoic acid (С30) of ethyl ester)",Машбух
E161a Не указано,Макрух
E161b Лютеин (Lutein),Машбух
E161b(i) Не указано,Макрух
E161b(ii)  Не указано,Макрух
E161b(iii)  Не указано,Макрух
E161c Не указано,Макрух
E161d Не указано,Макрух
E161e Не указано,Макрух
E161f Не указано,Макрух
E161g Кантаксантин (Canthaxanthin),Машбух
E161h Не указано,Макрух
E161h(i) Не указано,Макрух
E161h(ii) Не указано,Макрух
E161i Не указано,Макрух
E161j Не указано,Растительное-машбух; Микробиологическое-машбух; Синтетическое-халяль
E162 Красный свекольный (Вeet red),Машбух
E163 Антоцианы (Anthocyanins),Машбух
E163(ii)  Не указано,Машбух
E163(iii)  Не указано,Машбух
E163(iv) Не указано,Машбух
E163(v)   Не указано,Машбух
E163(vi)  Не указано,Машбух
E163(vii)  Не указано,Машбух
E163(viii)  Не указано,Машбух
E163(ix)  Не указано,Халяль
E163(x)  Не указано,Машбух
E164 Не указано,Макрух
E165 Не указано,Макрух
E166 Не указано,Макрух
E170 Карбонат кальция (Calcium carbonate),Халяль
E170(i) Не указано,Халяль
E170(ii) Не указано,Халяль
E171 Диоксид титана (Titanium dioxide),Халяль
E172 Оксиды и гидроксиды железа (Iron oxides and hydroxides),Халяль
E172(i) Не указано,Халяль
E172(ii) Не указано,Халяль
E172(iii) Не указано,Халяль
E173 Не указано,Халяль
E174 Серебро (Silver),Халяль
E175 Золото (Gold),Халяль
E176 Не указано,Макрух
E176(i) Не указано,Макрух
E176(ii) Не указано,Макрух
E176(iii) Не указано,Макрух
E180 Не указано,Машбух
"E181 Танины пищевые (Tannins, food grade)",Халяль
E182 Не указано,Халяль
E200 Сорбиновая кислота (Sorbic acid) консервант,Халяль
E201 Сорбат натрия (Sodim sorbate) консервант,Халяль
E202 Сорбат калия Potassium sorbate),Халяль
E203 Сорбат кальция (Calcium sorbate),Халяль
E209 Не указано,Макрух
E210 Бензойная кислота (Benzoic acid),Халяль
E211 Бензоат натрия (Sodium benzoate),Халяль
E212 Бензоат калия (Potassium benzoate),Халяль
E213 Бензоат кальция (Calcium benzoate),Халяль
E214 пара-гидроксибензойной кислоты этиловый эфир (Ethyl-p-hydroxybenzoate),Машбух
"E215 пара-гидроксибензойной кислоты этилового эфира натриевая соль (Sodium ethyl p-hydroxybenzoate
)",Халяль
E216 Не указано,Машбух
E217 Не указано,Макрух
E218 пара-гидроксибензойной кислоты метиловый эфир (Methyl p-hydroxybenzoate),Халяль
E219 пара-гидроксибензойной кислоты метилового эфира натриевая соль (Sodium methyl p-hydroxybenzoate),Халяль
E220 Диоксид серы (Sulphur dioxide),Халяль
E221 Сульфит натрия (Sodium sulphite),Халяль
E222 Гидросульфит натрия Sodium hydrogen sulphite),Халяль
E223 Пиросульфит натрия (Sodium metabisulphite),Халяль
E224 Пиросульфит калия (Potassium metabisulphite),Халяль
"E225 Сульфит калия (Potassium sulphite) консервант, антиокислитель",Халяль
E226 Сульфит кальция (Calcium sulphite),Халяль
E227 Гидросульфит кальция (Calcium hydrogen sulphite),Машбух
E228 Гидросульфит (бисульфит) калия (Potassium hydrogen sulphite (bisulphite)),Халяль
E230 Дифенил (Diphenyl),Машбух
E231 орто-Фенилфенол (Orto-phenilphenol),Машбух
E232 орто-Фенилфенола натриевая соль (Sodium 0 - phenilphenol),Машбух
"E233 Не указано 
",Макрух
E234 Низин (Nisin),Халяль
"E235 Пимарицин, Натамицин (Pimaricin, natamycin)",Машбух
E236 Муравьиная кислота (Formic АСШ),Халяль
E237 Не указано,Халяль
E238 Не указано,Макрух
E239 Не указано,Халяль
E240 Не указано,Халяль
E241 Не указано,Машбух
E242 Диметилдикарбонат (Dimethyl dicarbonate),Халяль
E243 Не указано,Машбух
E249 Нитрит калия (Potassium nitrite),Халяль
E250 Нитрит натрия (Sodium nitrite),Халяль
E251 Нитрат натрия (Sodium nitrate),Халяль
E252 Нитрат калия (Potassium nitrate),Халяль
E260 Уксусная кислота ледяная (Acetic acid glacial),Халяль
E261 Ацетаты калия (Potassium acetates):,Халяль
E261(i) Ацетат калия (Potassium acetate),Халяль
E261(ii) Диацетат калия (Potassium diacetate).,Халяль
E262 Ацетаты натрия (Sodium acetates):,Халяль
E262(i) Ацетат натрия (Sodium acetate),Халяль
E262(ii) Диацетат натрия (Sodium diacetate).,Халяль
E263 Ацетат кальция (Calcium acetate),Халяль
E264 Ацетат аммония (Ammonium acetate),Халяль
E265 Дегидрацетовая кислота (Dehydroacetic acid),Халяль
E266 Дегидрацетат натрия (Sodium dehydroacetate),Халяль
"E270 Молочная кислота, L-, D- и DL-(Lactic acid, L-, D- and DL-)",Машбух
E280 Пропионовая кислота (Propionic acid),Халяль
E281 Пропионат натрия (Sodium propionate),Халяль
E282 Пропионат кальция (Calcium propionate),Машбух
E283 Пропионат калия (Potassium propionate),Халяль
E284 Не указано,Халяль
E285 Не указано,Халяль
E290 Не указано,Халяль
"E296 Яблочная кислота (Malic acid, DL-)",Халяль
E297 Фумаровая кислота (Fumaric acid),Халяль
"E300 Аскорбиновая кислота, L- (Ascorbic acid, L-)",халяль
E301 Аскорбат натрия (Sodium ascorbate),Халяль
E302 Аскорбат кальция (Calcium ascorbate),Натуральное-машбух; Искусственное-халяль
E303 Аскорбат калия (Potassium ascorbate),Халяль
E304 Не указано,Машбух
E304(i) Аскорбилпальмитат(А8СО11ВТЕ palmitate),Машбух
E304(ii) Acкорбилстеарат (Ascorbyl stearate ),Машбух
E305 Не указано,Машбух
"E306 Токоферолы, концентрат смеси (Mixed tocopherols concenterate)",Машбух
E307 альфа-Токоферол (Alpha-tocopherol),Машбух
E307a Не указано,Машбух
E307b Не указано,Машбух
E307c Не указано,Машбух
E308 гамма-Токоферол синтетический (Syntetic gamma - tocopherol),Машбух
E309 дельта-Токоферол синтетический (Syntethic delta-tocopherol),Машбух
E310 Пропилгаллат (Propil gallate),Халяль
E311 Октилгаллат (Octyl gallate),Халяль
E312 Додецилгаллат (Dodecyl gallate),Машбух
E313 Не указано,Макрух
E314 Гваяковая смола (Guaiac resin),халяль
E315 Изоаскорбиновая (эриторбовая) кислота (Erythorbic acid),Халяль
E316 Изоаскорбат натрия (Sodium erythorbate),Халяль
E317 Не указано,Макрух
E318 Не указано,Халяль
E319 трет-Бутилгидрохинон (Tertiary-butylhydroquinone),Халяль
E320 Бутилгидроксианизол (Butylated hydroxyanisole),Машбух
"E321 Бутилгидрокситолуол, «Ионол» (Butylated hydroxytoluene)",Машбух
"E322 Лецитины, фосфатиды (Lecithins)",Халяль
E322(i) Не указано,Халяль
E322(ii) Не указано,Халяль
E322(iii) Не указано,Халяль
E323 Не указано,Халяль
E324 Не указано,Машбух
E325 Лактат натрия (Sodium lactate),Машбух
E326 Лактат калия (Potassium lactate),Машбух
E327 Лактат кальция (Calcium lactate),Машбух
E328 Лактат аммония (Ammonium lacate),Машбух
"E329 Лактат магния, DL- (Magnesium lacate, DL-)",Машбух
E330 Лимонная кислота (Citric acid),Халяль
E331 Цитраты натрия (Sodium citrates):,Халяль
E331(i) Цитрат натрия 1-замещенный (Sodium dihydrogen citrate),Халяль
"E331(ii) Цитрат натрия 2-замещенный (Disodium monohydrogen citrate),",Халяль
E331(iii) Цитрат натрия 3-замещенный (Trisodium citrate),Халяль
E332 Цитраты калия (Potassium citrates):,Халяль
E332(i) Цитрат калия 1-замещенный (Potassium dihydrogen citrate),Халяль
E332(ii) Цитрат калия 3-замещенный (Tripotassium citrate).,Халяль
E333 Цитраты кальция (Calcium citrates),Машбух
E333(i) Не указано,Халяль
E333(ii) Не указано,Халяль
E333(iii) Не указано,Халяль
"E334 Винная кислота, L(+)- (Tartaric acid (L(+)-)",Машбух
E335 Тартраты натрия (Sodium tartrates):,Машбух
"E335(i) Тартрат натрия 1-замещенный (Monosodium tartrate),",Машбух
E335(ii) Тартрат натрия 2-замещенный (Disodium tartrat),Машбух
E336 Тартраты калия (Potassium tartrates):,Машбух
"E336(i) Тартрат калия 1-замещенный (Monopotassium tartrate),",Машбух
E336(ii) Тартрат калия 2-замещенный (Dipotassium tartrate),Машбух
E337 Тартрат калия-натрия (Sodium potassium tartrate),Машбух
E338 орто-Фосфорная кислота (Orthophosphoric acid),Халяль
E339 Фосфаты натрия (Sodium phosphates):,Машбух
E339(i) орто-Фосфат натрия 1-замещенный (Monosodium orthophosphate),Машбух
"E339(ii) орто-Фосфат натрия 2-замещенный (Disodium orthophosphate),",Машбух
E339(iii) орто-Фосфат натрия 3-замещенный (Trisodiumorthophosphate),Машбух
E340 Фосфаты калия (POTASSIUM PHOSPHATES):,Машбух
"E340(i) орто-Фосфат калия 1-замещенный (Monopotassium orthophosphate),",Машбух
"E340(ii) орто-Фосфат калия 2-замещенный (Dipotassium orthophosphate),",Машбух
"E340(iii) орто-Фосфат калия 3-замещенный (Tripotassium orthophosphate),",Машбух
E341 Фосфаты кальция (Calcium phosphates):,Машбух
E341(i) орто-Фосфат кальция 1-замещенный (Monocalcium orthophosphate),Машбух
E341(ii) Не указано,Машбух
E341(iii)  орто-Фосфат кальция 3-замещенный (Tricalcium orthophosphate),Машбух
E342 Фосфаты аммония (AMMONIUM PHOSPHATES):,Машбух
"E342(i)  орто-Фосфат аммония однозамещенный (Monoammonium orthophosphate),",Машбух
E342(ii)  орто-Фосфат аммония двузамещенный (Diammonium orthophosphate).,Машбух
E343 Фосфаты магния (Magnesium phosphates):,Машбух
"E343(i)  орто-Фосфат магния 1-замещенный (Monomagnesium orthophosphate),",Машбух
E343(ii)  (ii) орто-Фосфат магния 2-замещенный (Dimagnesium orthophosphate),Машбух
E343(iii)  орто-Фосфат магния 3-замещенный (Trimagnesium orthophosphate),Машбух
"E344 Не указано 
",Макрух
"E345 Не указано 
",Халяль
"E349 Не указано 
",Макрух
E350 Малаты натрия (Sodium malates),Халяль
E350(i)  Малат натрия 1-замещенный (Sodium hydrogen malate),Халяль
E350(ii)  Малат натрия (Sodium malate).,Халяль
E351 Малаты калия (Potassium malate):,Халяль
E351(i)  Малат калия 1-замещенный (Potassium hydrogen malate),Халяль
E351(ii)  Малат калия (Potassium malate),Халяль
E352 Малаты кальция (Calcium malates):,Халяль
"E352(i)  Малат кальция 1-замещенный (Calcium hydrogen malate),",Халяль
E352(ii)  малат кальция (Calcium malate),Халяль
E353 мета-Винная кислота ( Metatartaric acid),Машбух
E354 Тартрат кальция (Calcium tartrate),Машбух
E355 Адипиновая кислота (Adipic acid),Халяль
E356 Адипаты натрия (Sodium adipate),Машбух
E357 Адипаты калия (Potassium adipate),Машбух
E359 Адипаты аммония (Ammonium adipates),Машбух
E363 Янтарная кислота (Succinic acid),Халяль
E364 Не указано,Халяль
E364(i) Не указано,Халяль
E364(ii) Не указано,Халяль
E365 Фумараты натрия (Sodium fumarates),Халяль
E366 Не указано,Халяль
E367 Не указано,Халяль
E368 Не указано,Халяль
E370 Не указано,Халяль
E375 Не указано,Халяль
E380 Цитраты аммония (Ammonium citrates),Халяль
E381 Цитраты аммония-железа (Ferric ammonium citrate),Халяль
E383 Не указано,Машбух
E384 Изопропилцитратная смесь (Isopropyl citrates),Машбух
E385 Этилендиаминтетраацетат кальция-натрия (Calcium disodium EDTA),Халяль
E386 Этилендиаминтетраацетат динатрий (Disodium ethylene-diamine-tetra-acetate),Халяль
E387 Оксистеарин (Oxystearin),Халяль
E388 Не указано,Халяль
E389 Не указано,Халяль
E390 Не указано,Макрух
E391 Не указано,Макрух
E392 Экстракты розмарина (Extract of rosemary),Машбух
E399 Не указано,Халяль
E400 Альгиновая кислота (Alginic acid),Халяль
E401 Альгинат натрия (Sodium alginate),Халяль
E402 Альгинат калия (Potassium alginate),Халяль
E403 Альгинат аммония (Ammonium alginate),Халяль
E404 Альгинат кальция (Calcium alginate),Машбух
E405 Пропиленгликольальгинат (Propylene glycol alginate),Халяль
E406 Агар (Agar),Халяль
"Е407 Каррагинан и его натриевая, калиевая, аммонийная соли, включая фурцеллеран (Carrageennan and its Na, К, NH4 salt (includes furcellaran)",Машбух
Е407а Каррагинан из водорослей Euchema (Carrageenan pes-processed  euchema seaweed),Машбух
Е408 Не указано,Халяль
Е409 Арабиногалактан (Arbinogalactan),Машбух
E410 Камедь рожкового дерева (Carob bean gum),Халяль
E411 Не указано,Машбух
E412 Гуаровая камедь (Guar gum),Халяль
E413 Трагакант камедь (Tragacanth gum),Халяль
E414 Не указано,Халяль
E415 Ксантановая камедь (Xanthan gum),Халяль
E416 Карайи камедь (Karaya gum),Халяль
E417 Тары камедь (Tara gum),Халяль
E418 Геллановая камедь (Gellan gum),Машбух
E419 Не указано,Халяль
E420 Сорбит (Sorbitol),Халяль
E420(i) Сорбит (Sorbitol),Халяль
E420(ii) Сорбитовый сироп (Sorbitol syrup),Халяль
E421 Маннит (Mannitol),Халяль
E422 Глицерин (Glycerol),Машбух
E423 Не указано,Халяль
E424 Не указано,Машбух
E425 Конжак (Конжаковая мука)(КОШАС (Konjac flour):,Халяль
"E425(i) Конжаковая камедь (Konjac gum),",Халяль
E425(ii) Конжаковый глюкоманнан (Konjac glucomanne),Халяль
E426 Гемицеллюлоза сои (Soybean hemicellulose),Халяль
E427 Камедь кассии (Cassia gum),Машбух
E429 Не указано,Машбух
E430 Полиоксиэтилен (8) стеарат (Polyoxyenthylene (8) stearate),Машбух
E431 Полиоксиэтилен (40) стеарат (Polyoxyethylene (40) stearate),Машбух
"E432 Полиоксиэтилен (20) сорбитан монолаурат, Твин 20 (Polyoxyethylene sorbitan monolaurate (polysorbate 20)",Машбух
"E433 Полиоксиэтилен (20) сорбитан моноолеат, Твин 80 (Polyoxyethylene sorbitan monooleate)",Машбух
"E434 Полиоксиэтилен (20) сорбитан моно-пальмитат, Твин 40 (
Polyoxyethylene sorbitan monopalmitate (polysorbate 40)
",Машбух
"E435 Полиоксиэтилен (20) сорбитан моностеарат, Твин 60 (Polyoxyethylene sorbitan monostearate)",Машбух
E436 Полиоксиэтилен (20) сорбитан три-стеарат (Polyoxyethylene sorbitan tristearate),Машбух
E440 Пектины (Pectins),Машбух
E441 Желатин,Машбух
E442 Фосфатидиловой кислоты аммонийные соли (фосфатиды аммония) (Ammonium salts of phosphatidic acid),Машбух
E443 Не указано,Халяль
E444 Сахарозы ацетат изобутират (Sucrose acetate isobutyrate),Халяль
E445 Эфиры глицерина и смоляных кислот (Glycerol esters of wood rosins),Халяль
E445(i) Не указано,Халяль
E445(ii) Не указано,Халяль
E445(iii) Не указано,Халяль
E446 Не указано,Халяль
E450 Пирофосфаты (Diphosphates):,Машбух
"E450(i) Дигидропирофосфат натрия (Disodium diphosphate),",Машбух
"E450(ii) Моногидропирофосфат натрия (Trisodium diphosphate),",Машбух
E450(iii) Пирофосфат натрия (Tetrasodium diphosphate);,Машбух
"E450(iv) Дигидропирофосфат калия (Dipotassium diphosphate),",Машбух
"E450(v) Пирофосфат калия (Tetrapotassium diphosphate),",Машбух
"E450(vi) Пирофосфат кальция (Dicalcium diphosphate),",Машбух
E450(vii) Дигидропирофосфат кальция (Calcium dihydrogen diphosphate).,Машбух
E450(viii) Не указано,Машбух
E450(ix) Не указано,Машбух
E451 Трифосфаты (TRIPHOSPHATES):,Машбух
"E451(i) Трифосфат натрия (5-замещенный) (Pentasodium triphosphate),",Машбух
E451(ii) Трифосфат калия (5-замещенный) (Pentapotassium triphosphate),Машбух
E451(iii) Не указано,Машбух
E452 Полифосфаты (Polyphosphates),Машбух
E452(i) Полифосфат натрия (Sodium polyphosphate),Машбух
E452(ii) Полифосфат калия (Potassium polyphosphate),Машбух
E452(iii) Полифосфат натрия-кальция (Sodiumcalcium polyphosphate),Машбух
E452(iv) Полифосфаты кальция (Calcium polyphosphates),Машбух
E452(v) Полифосфаты аммония (Ammonium polyphosphates),Машбух
E452(vi) Не указано,Машбух
E453 Не указано,Машбух
E454 Не указано,Машбух
E455 Не указано,Машбух
Е456 Не указано,Халяль
E457 Не указано,Машбух
E458 Не указано,Машбух
E459 бета-Циклодекстрин (Beta-cyclodextrin),Халяль
E460 Целлюлоза (Cellulose):,Халяль
"E460(i) (i) Целлюлоза микрокристаллическая (Microcrystalline cellulose),",Халяль
E460(ii) (ii) Целлюлоза в порошке (Powdered cellulose),Халяль
E461 Метилцеллюлоза (Methyl cellulose),Халяль
E462 Этилцеллюлоза (Ethyl cellulose),Халяль
E463 Гидроксипропилцеллюлоза (Hydroxypropyl cellulose),Халяль
E464 Гидроксипропилметилцеллюлоза (Hydroxypropyl methyl cellulose),Халяль
E465 Метилэтилцеллюлоза (Methyl ethyl cellulose),Халяль
E466 Карбоксиметилцеллюлоза ( carboxy methyl cellulose) Карбоксиметилцеллюлоза натриевая соль (Sodium carboxy methyl cellulose) Камедь целлюлозы (cellulose gum),Халяль
E467 Этилгидроксиэтилцеллюлоза (Ethyl hydroxyethyl cellulose),Халяль
E468 Кроскарамеллоза (карбоксиметилцеллюлоза натриевая соль кроссвязанная) - Croscaramellose (CROSS-LINKED SODIUM CARBOXYMETYL CELLULOSE),Халяль
E469 Карбоксиметилцеллюлоза ферментативно гидролизованная (ENZYMATICALLY HYDROLYSED CARBOXYMETYL CELLULOSE) Камедь целлюлозы ферментативно гидролизованная (ENZYMATICALLY HYDROLYSED CELLULOSE GUM),Халяль
"E470 Жирных кислот (миристиновой, олеиновой, пальмитиновой, стеариновой и их смеси) соли алюминия, аммония, калия, кальция, магния, натрия (SALTS OF MYRISTIC, PALMITIC AND STEARIC FATTY ACIDS (with base AI, Ca, Na, Mg, К and NFL)",Машбух
E470(i) Не указано,Машбух
E470(ii) Не указано,Машбух
E470(iii) Не указано,Машбух
E470a Не указано,Машбух
E470b Не указано,Машбух
E471 Моно- и диглицериды жирных кислот (Mono-and diglycerides of fatty acids),Машбух
E472a Эфиры глицерина и уксусной и жирных кислот (Acetic acid esters of mono- and diglycerides of fatty acids),Машбух
E472b Эфиры глицерина и молочной и жирных кислот (ESTERS LACTIC AND FATTY ACID OF GLYCEROL),
E472c Эфиры глицерина и лимонной и жирных кислот (Citric acid esters of mono- and diglycerides of fatty acids),Машбух
E472d Эфиры моно- и диглицеридов жирных кислот и винной кислоты (Tartaric acid esters of mono- and diglycerides of fatty acids),Машбух
E472e Эфиры глицерина и диацетилвинной и жирных кислот (Mono and diacetyl tartaric acid esters of mono- and diglycerides of fatty acids),Машбух
"E472f Эфиры смешанные глицерина и винной, уксусной и жирных кислот (Mixed acetic and tartaric acid esters of mono- and diglycerides of fatty acids)",Машбух
E472g Не указано,Машбух
E473 Эфиры сахарозы и жирных кислот (Sucrose esters of fatty acids),Машбух
E474 Сахароглицериды (Sucroglycerides),Машбух
E475 Эфиры полиглицерина и жирных кислот (Polyglycerol esters of fatty acids),Машбух
E476 Эфиры полиглицерина и взаимоэтерифицированных рициноловых кислот (Polyglycerol esters of interesterified ricinoleic acid),Машбух
E477 Эфиры пропиленгликоля и жирных кислот (Propylene glycol esters of fatty acids),Машбух
E478 Не указано,Машбух
E479b Термически окисленное соевое масло с моно- и диглицеридами жирных кислот (Thermally oxidized soya bean oil interacted with mono and diglycerides of fatty acids),Машбух
E480 Диоктилсульфосукцинат натрия (Dioctyl sodium sulfosuccinate),Машбух
E481 Стеароил-2-лактилат натрия (Sodium stearoyl-2-lactylate),Машбух
E481(i) Не указано,Машбух
E481(ii) Не указано,Машбух
E482 Стеароил-2-лактилат кальция (Calcium stearoyl-2-lactylate),Машбух
E482(i) Не указано,Машбух
E482(ii) Не указано,Машбух
E483 Стеарилтартрат (Stearyl tartrate),Машбух
E484 Стеарилцитрат (Stearyl citrate),Халяль
E485 Не указано,Машбух
E486 Не указано,Машбух
E487 Не указано,Машбух
E488 Не указано,Машбух
E489 Не указано,Халяль
"E491 Сорбитан моностеарат, СПЭН 60 (Sorbitan monostearate)",Машбух
E492 Сорбитан тристеарат (Sorbitan tristearate),Машбух
"E493 Сорбитан монолаурат, СПЭН 20 (SORBITAN MONOLAURATE)",Машбух
"E494 Сорбитан моноолеат, СПЭН 80 (Sorbitan monooleate)",Машбух
"E495 Сорбитан монопальмитат, СПЭН 40 (Sorbitan monopalmitate)",Машбух
E496 Не указано,Машбух
E500 Карбонаты натрия (Sodium carbonates),Халяль
"E500(i)  Карбонат натрия (Sodium carbonate),",Халяль
"E500(ii) Гидрокарбонат натрия (Sodium hydrogen carbonate),",Халяль
E500(iii) Смесь карбоната и гидрокарбоната натрия (Sodium sesquicarbonate),Халяль
E501 Карбонаты калия (Potassium carbonates):,Халяль
"E501(i)  Карбонат калия (Potassium carbonate),",Халяль
E501(ii) Гидрокарбонат калия (Potassium hydrogen carbonate),Халяль
E503 Карбонаты аммония (Ammonium carbonates):,Халяль
"E503(i) Карбонат аммония (Ammonium carbonate),",Халяль
E503(ii) Гидрокарбонат аммония (Ammonium hydrogen carbonate),Халяль
E504 Карбонаты магния (Magnesium carbonates),Халяль
"E504(i) Карбонат магния (Magnesium carbonate),",Халяль
E504(ii) Гидрокарбонат магния (Magnesium hydrogen carbonate).,Халяль
E505 Не указано,Халяль
E507 Соляная кислота (Hydrochloric acid),Халяль
E508 Хлорид калия (Potassium chloride,Халяль
E509 Хлорид кальция (Calcium chloride),Халяль
E510 Хлорид аммония (Ammonium chloride),Халяль
E511 Хлорид магния (Magnesium chloride),Халяль
E512 Не указано,Халяль
E513 Серная кислота (Sulphuric acid),Халяль
E514 Сульфаты натрия (Sodium sulphates),Халяль
E514(i) Не указано,Халяль
E514(ii) Не указано,Халяль
E515 Сульфаты калия (Potassium sulphates),Халяль
E515(i) Не указано,Халяль
E515(ii) Не указано,Халяль
E516 Сульфат кальция (Calcium sulphate),Халяль
E517 Сульфат аммония (Ammonium sulphate),Халяль
E518 Сульфат магния ( Magnesium sulfate),Халяль
E519 Не указано,Халяль
E520 Сульфат алюминия (Aluminium sulphate),Халяль
"E521 Сульфат алюминия-натрия, Квасцы алюмо-натриевые (Aluminium sodium sulphate)",Халяль
"E522 Сульфат алюминия-калия, Квасцы алюмо-калиевые (Aluminium potassium sulphate)",Халяль
"E523 Сульфат алюминия-аммония, Квасцы алюмоаммиачные (Aluminium ammonium sulphate)",Халяль
E524 Гидроксид натрия (Sodium hydroxide),Халяль
E525 Гидроксид калия (Potassium hydroxide),Халяль
E526 Гидроксид кальция (Calcium hydroxide),Халяль
E527 Г идроксид аммония (Ammonium hydroxide),Халяль
E528 Г идроксид магния (Magnesium hydroxide),Халяль
E529 Оксид кальция (Calcium oxide),Халяль
E530 Оксид магния (Magnesium oxide),Халяль
E534 Не указано,Халяль
E535 Ферроцианид натрия (Sodium ferrocyanide),Халяль
E536 Ферроцианид калия (Potassium ferrocyanide),Халяль
E537 Не указано,Макрух
E538 Ферроцианид кальция (Calcium ferrocyanide),Халяль
E539 Не указано,Халяль
E541 Алюмофосфат натрия кислый (Sodium aluminium phosphate acidic),Халяль
E541(i) Не указано,Халяль
E541(ii) Не указано,Халяль
"E542 Фосфат костный (фосфат кальция) (BONE PHOSPHATE(essentiale Calcium phosphate, tribasic)",Машбух
E550 Не указано,Халяль
E550(i) Не указано,Халяль
E550(ii) Не указано,Халяль
E551 Диоксид кремния аморфный (Silicon dioxide amorphous),Халяль
E552 Силикат кальция (Calcium silicate),Халяль
E553 Силикаты магния (Magnesium silicate):,Халяль
"E553(i) Силикат магния (Magnesium silicate),",Халяль
"E553(ii) Трисиликат магния (Magnesium trisilicate),",Халяль
E553(iii) Тальк (Talc),Халяль
E553a Не указано,Халяль
E553b Не указано,Халяль
E554 Алюмосиликат натрия (Sodium aluminium silicate),Халяль
E555 Алюмосиликат калия (Potassium aluminium silicate),Халяль
E556 Алюмосиликат кальция (Calcium aluminium silicate),Машбух
E557 Не указано,Халяль
E558 Бентонит (BENTONITE),Халяль
E559 Алюмосиликат (каолин) - Alluminium silicate (kaoliin),Халяль
E560 Не указано,Халяль
E570 Жирные кислоты (Fatty acids),Машбух
E572 Не указано,Машбух
E574 Глюконовая кислота (D-) (Gluconic acid),Халяль
E575 Глюконо-дельта-лактон (Glucono-delta-lactone),Халяль
E576 Глюконат натрия (Sodium gluconate),Халяль
E577 Г люконат калия (Potassium gluconate),Халяль
E578 Глюконат кальция (Calcium gluconate),Халяль
E579 Глюконат железа (Ferrous gluconate),Халяль
E580 Глюконат магния (Magnesium gluconate),Халяль
E585 Лактат железа (Ferrous lactate),Халяль
E586 4-Г ексилрезорцин (4-Hexylresorcinol),Халяль
"E620 Глутаминовая кислота, L(+)- (Glutamic acid, L(+)-)",Машбух
E621 Глутамат натрия 1-замещенный (Monosodium glutamate),Машбух
E622 Глутамат калия 1-замещенный (Monopotassium glutamate),Машбух
E623 Глутамат кальция (Calcium diglutamate),Машбух
E624 Глутамат аммония 1-замещенный (Monoammonium glutamate),Машбух
E625 Глутамат магния (Magnesium diglutamate),Машбух
E626 Гуаниловая кислота (Guanylic acid),Машбух
E627 5'-Гуанилат натрия 2-замещенный (Disodium guanylate),Машбух
E628 5'-Гуанилат калия 2-замещенный (Dipotassium guanylate),Машбух
E629 5'-Гуанилат кальция (Calcium guanylate),Машбух
E630 Инозиновая кислота (Inosinic acid),Машбух
"E631 5'-Инозинат натрия 2-замещенный (Disodium 5'""- inosinate)",Машбух
"E632 5'-Инозинат калия 2-замещенный (Dipotassium  5'""- inosinate)",Машбух
"E633 5'-Инозинат кальция (Calcium 5'""- inosinate",Машбух
E634 5'-Рибонуклеотиды кальция (Calcium 5'-ribonucleotides),Машбух
E635 5'-Рибонуклеотиды натрия 2-замещенные (Disodium 5'-ribonucleotides),Машбух
E636 Мальтол (Maltol),Халяль
E637 Этилмальтол (Ethyl maltol ),Халяль
E638 Не указано,Машбух
E639 Не указано,Машбух
E640 Глицин и его натриевая соль (Glycine and its sodium salt),Машбух
E641 Не указано,Халяль
E642 Не указано,Синтетическое-халяль; Микробилогическое-машбух
E650 Ацетат цинка (Zinc acetate),Халяль
E900 Не указано,Халяль
E900a Полидиметилсилоксан (Polydimethylsiloxane),Халяль
E900b Не указано,Халяль
"E901 Воск пчелиный, белый и желтый (Beeswax, white and yellow)",Халяль
E902 Воск канделлильский (Candelilla wax),Халяль
E903 Воск карнаубский (Carnauba wax),Халяль
E904 Шеллак (Shellac),Машбух
E905a Не указано,Халяль
E905b Не указано,Халяль
E905c Не указано,Халяль
E905c(i) Микрокристаллический воск (Microcrystalline wax),Халяль
E905c(ii) Не указано,Халяль
E905d Минеральное масло (высокой вязкости) - Mineral oil (high viscosity),Халяль
"E905e Минеральное масло (средней и низкой вязкости, класс I) - Mineral oil (medium and low viscosity, class I)",Халяль
E905f Не указано,Халяль
E905g Не указано,Халяль
E906 Не указано,Халяль
E907 Поли-1-децен гидрогенезированный (Hydrogenated poly-1-decene),Машбух
E908 Не указано,Машбух
E909 Не указано,Натуральное-халяль; Синтетическое-машбух
E910 Не указано,Машбух
E911 Не указано,Машбух
E912 Эфиры монтановой (октакозановой) кислоты (Montan acid esters),Натуральное-халяль; Синтетическое-машбух
E913 Не указано,Халяль
E914 Полиэтиленовый воск окисленный (Oxidised polyethylene wax),Халяль
E915 Не указано,Машбух
E916 Не указано,Халяль
E917 Не указано,Халяль
E918 Не указано,Халяль
E919 Не указано,Халяль
"E920 Цистеин, L-, и его гидрохлориды- натриевая и калиевая соли (L-cysteine, and its hydrochlorides-sodium and potassium salts)",Машбух
E921 Не указано,Натуральное-харам; Синтетическое-халяль
E922 Не указано,Халяль
E923 Не указано,Халяль
E924 Не указано,Халяль
E924b Не указано,Халяль
E925 Не указано,Халяль
Е926 Не указано,Халяль
E927a Не указано,Халяль
E927b Карбамид (мочевина) - Carbamide (urea),Халяль
E928 Перекись бензоила (Benzoyl peroxide),Халяль
E929 Не указано,Халяль
E930 Перекись кальция (Calcium peroxide),Халяль
E938 Аргон (Argon),Халяль
E939 Гелий (Gellium),Халяль
E940 Не указано,Халяль
E941 Азот (Nitrogen),Халяль
E942 Закись азота (Nitrous oxide),Халяль
E943a Бутан (Butane),Халяль
E943b Изобутан (Isobutane),Халяль
E944 Пропан (Propane),Халяль
E945 Не указано,Халяль
E946 Не указано,Халяль
E948 Кислород (Oxygen),Халяль
E949 Водород (Hydrogen),Халяль
E950 Ацесульфам калия (Acesulfame potassium),Халяль
E951 Аспартам Aspartame),Машбух
E952 Цикламовая кислота и ее натриевая и кальциевая соли (Cyclamic acid and its Na and Ca salts),Халяль
E952(i) Не указано,Халяль
E952(ii) Не указано,Халяль
E952(iv) Не указано,Халяль
"E953 Изомальт, изомальтит (Isomalt, Isomaltitol)",Халяль
"E954 Сахарин (натриевая, калиевая, кальциевая соли) (Saccharin and Na, К, Са salts)",Халяль
E954(i) Не указано,Халяль
E954(ii) Не указано,Халяль
E954(iii) Не указано,Халяль
E954(iv) Не указано,Халяль
E955 Сукралоза (трихлоргалактосахароза) (Sucralose (Trichlorogalactosucrose),Халяль
E956 Не указано,Халяль
E957 Тауматин (Thaumatin),Халяль
E958 Не указано,Машбух
E959 Неогесперидин дигидрохалкон (Neohesperidin Dihydrochalcone),Машбух
E960 Стевиолгликозиды (Steviol Glycosides),Машбух
E960a Не указано,Машбух
E960b Не указано,Машбух
E960b(i) Не указано,Машбух
E961 Неотам (Neotame),Халяль
E962 Аспартам-ацесульфама соль ( Salt of aspartame-acesulfame),Халяль
E963 Не указано,Машбух
E964 Не указано,Халяль
E965 Мальтит и мальтитный сироп (Maltitols and Maltitols syrup),Халяль
E965(i) Не указано,Халяль
E965(ii) Не указано,Халяль
E966 Лактит (Lactitol),Машбух
E967 Ксилит (Xylitol),Халяль
E968 Эритрит (Erythritol),Машбух
E969 Не указано,Халяль
E999 Квиллайи экстракт (Quillaia extract),Машбух
E999(i) Не указано,Машбух
E999(ii) Не указано,Машбух
E1000 Холевая кислота,Харам
"E1001 Холин, соли и эфиры",Синтетическое-харам; Искусственное-макрух
E1001(i) Не указано,Харам
E1001(ii) Не указано,Харам
E1001(iii) Не указано,Харам
E1001(iv) Не указано,Харам
E1001(v) Не указано,Харам
E1001(vi) Не указано,Харам
E1100 Амилазы,Натуральное-харам; Микробилогическое-машбух
E1100(i) Не указано,Машбух
E1100(ii) Не указано,Машбух
E1100(iii) Не указано,Машбух
E1100(iv) Не указано,Машбух
E1100(v) Не указано,Машбух
E1100(vi) Не указано,Машбух
E1101 Не указано,Машбух
E1101(i) Не указано,Машбух
E1101(ii) Не указано,Халяль
E1101(iii) Не указано,Халяль
E1101(iv) Не указано,Халяль
E1101(v) Не указано,Машбух
E1101(vi) Не указано,Машбух
E1102 Не указано,Машбух
E1103 Не указано,Машбух
E1104 Липазы,Натуральное-харам; Микробиологическое-машбух
E1105 Не указано,Халяль
E1200 Полидекстрозы (Polydextrose),Халяль
E1201 Поливинилпирролидон (Polyvinylpyrrolidone),Халяль
E1202 Поливинилполипирролидон (Polyvinylpolypyrrolidone),Халяль
E1203 Поливиниловый спирт (Polyvinyl alcohol),Халяль
E1204 Пуллулан (Pullulan),Машбух
E1205 Не указано,Халяль
E1206 Не указано,Халяль
E1207 Не указано,Халяль
E1208 Не указано,Халяль
E1209 Не указано,Халяль
E1210 Не указано,Халяль
"E1400 Декстрины, крахмал, обработанный термически, белый и желтый (Dextrin, roasted starch white and yellow)",Халяль
"E1401 Крахмал, обработанный кислотой (Acid treasted starch)",Халяль
"E1402 Крахмал, обработанный щелочью (Alkaline treasted starch)",Халяль
E1403 Крахмал отбеленный (Bleached starch),Халяль
E1404 Крахмал окисленный (Oxidized starch),Халяль
"E1405 Крахмал, обработанный ферментами (STARCHES ENZIME- TREATED)",Халяль
E1410 Монокрахмалфосфат (Monostarch phosphate),Машбух
E1411 Не указано,Халяль
E1412 Дикрахмалфосфат (Distarch phosphate),Машбух
"E1413 Фосфатированный дикрахмалфосфат (
Phosphated distarch phosphate
)",Машбух
E1414 Дикрахмалфосфат ацетилированный (Acetylated distarch phosphate),Машбух
E1420 Крахмал ацетилированный (Acetylated starch),Халяль
E1421 Не указано,Халяль
E1422 Дикрахмаладипат ацетилированный (Acetylated distarch adipate),Машбух
E1440 Крахмал оксипропилированный (Hydroxy propyl starch),Машбух
E1442 Дикрахмалфосфат оксипропилированный (Hydroxy propyl distarch phosphate),Машбух
E1450 Эфир крахмала и натриевой соли октенилянтарной кислоты (Starch sodium octenyl succinate),Халяль
E1451 Крахмал ацетилированный окисленный (Acetylated oxidised starch),Халяль
E1452 Крахмала и алюминиевой соли октенилянтарной кислоты эфир (Starch Aluminium Octenyl Succinate),Халяль
E1503 Касторовое масло (Castor oil ),Машбух
E1504(i) Не указано,Машбух
E1504(ii) Не указано,Машбух
E1505 Триэтилцитрат (Triethyl citrate) | этиль,Харам
E1510 этанол / этиловый спирт / спирт,Харам
E1516 Не указано,Машбух
E1517 Диацетин (глицерилдиацетат) - Glyceryl diacetate (diacetin),Машбух
E1518 Триацетин (Triacetin),Машбух
E1519 Бензиновый спирт (Benzyl alcohol),Халяль
E1520 Пропиленгликоль (Polyethylene glycol),Халяль
E1521 Полиэтиленгликоль (Polyethylene glycol),Халяль
Не указано,Харам
E1522 Не указано,Халяль
E1525 Не указано,Халяль
"Кровь пищевая, сухой концентрат плазмы (сыворотки) крови",харам
Морские водоросли и травы,халяль
"Бактерии, дрожжи и др. микроорганизмы",халяль
Минералы,халяль
Вода,халяль
Рыба и продукты их переработки,халяль
Генетически модифицированные продукты,машбух
Биологически активные добавки,машбух
Мед и его сопутствующие изделия,халяль
Напитки безалкогольные,халяль
"Фрукты, овощи и продукты их переработки",халяль
Животные масла и жиры,машбух
Растительные масла и жиры,машбух
Злаки и зерновые продукты,машбух
Яйца и продкты их переработки,машбух
Молоко и молочные продукты,машбух
Мясо и мясные продукты,машбух
корова,халяль
овца,халяль
коза,халяль
буйвол,халяль
верблюд,халяль
домашняя лошадь,халяль
свинья,харам
кролик,халяль
гаял,халяль
бантенг,халяль
як,халяль
пони,халяль
осёл,харам
мул,харам
лама,халяль
альпака,халяль
собака,харам
кошка,харам
слон,харам
кенгуру,халяль
курица,халяль
гусь,халяль
утка,халяль
индейка,халяль
страус,халяль
цесарка,халяль
фазан,халяль
страус,халяль
перепелка,халяль
голубь,халяль
попугай,халяль/харам
лебедь,халяль
эму,халяль
нанду,халяль
анчоусы,халяль
белуга,халяль
барабулька,халяль
баррамунди,халяль
белая акула,халяль
белуга,халяль
голец,халяль
горбуша,халяль
гребешки,халяль
дорадо,халяль
икра,халяль
кальмары,халяль
лангуст,халяль
макрель,халяль
мидии,халяль
миноги,халяль
минтай,халяль
мойва,халяль
моллюски,халяль
окунь,халяль
осётрина,халяль
осьминог,халяль
палтус,халяль
раки,халяль
ракушечки-венерки (вонголе),халяль
сазан,халяль
скат,халяль
сайда,халяль
сардины,халяль
севрюга,халяль
сельдь,халяль
семга,халяль
треска,халяль
тунец,халяль
угорь,халяль
форель,халяль
щука,халяль
лягушка,харам/халяль
жаба,харам
змея,харам
квакша,харам
рыбозмея,харам
саламандра,харам
черепаха,харам
крокодил,харам
ящерица,харам
аллигатор,харам
углозуб,харам
летяга,халяль/харам
белка,халяль/харам
бурундук,харам
суслик,харам
сурок,харам
соня,харам
бобер,харам
мышь,харам
тушканчик,харам
слепышь,харам
хомяк,харам
слепушонка,харам
полевка,харам
крыса,харам
пищух,харам
ёж,харам
крот,харам
выхухол,харам
белозубка,харам
бурозубка,харам
подкавнос,харам
вечерница,харам
ентот,харам
волк,харам
лиса,харам
песец,харам
медведь,харам
куница,харам
соболь,харам/халяль
горностай,харам
рысь,харам
лев,харам
ягуар,харам
леопард,харам
гепрард,харам
ирбис,харам
оцелот,харам
антилопа,халяль
газель,халяль
горал,халяль
дикдик,халяль
жираф,халяль/харам
зубр,халяль
кабан,харам
кабарга,халяль
лось,халяль
окапи,халяль
олень,халяль
пуку,халяль
сайгак,халяль
серна,халяль
анубис,харам
бабуин,харам
гиббон,харам
гелада,харам
мартышка,харам
лемур,харам
магот,харам
орангутан,харам
павиан,харам
тити,харам
шимпанзе,харам
динго,харам
аист,халяль
балобан,харам
беркут,харам
вальдшнеп,халяль
воробей,халяль
ворон,харам
вьюрок,халяль
галка,халяль
гарпия,харам
глухарь,халяль
грач,харам
гриф,харам
дербник,харам
дрозд,халяль
жаворонок,халяль
журавль,халяль
иволга,халяль
канюк,харам
клест,халяль
колибри,халяль
кондор,харам
коршун,харам
крачка,халяль
кречет,харам
кукушка,халяль
куропатка,халяль
ласточка,харам/халяль
орел,харам
поморник,халяль
птица секретарь,харам
райская птица,халяль
рябчик,халяль
сапсан,харам
сарыч,харам
синица,халяль
сипуха,харам
скворец,халяль
скопа,харам
сова,харам
сокол,харам
соловей,халяль
стриж,халяль
тетерев,халяль
чайка,халяль/мубах
чиж,халяль
чеглок,харам
щегол,халяль
ястреб,харам
свинина,харам
мясо свинины,харам
- Халяль (разрешенное),
- Машбух (сомнительное),
- Макрух (нежелательное),
- Харам (запрещенное),
алкоголь,харам
кармин,харам
E120,харам
сало,харам